{
  "Personas": [
    {
      "Nombre": "Pedro",
      "Apellido": "Guzman",
      "DNI": 22773450,
      "Telefono": 3755121314,
      "Localidad": "L. N. Alem"
    },
    {
      "Nombre": "Maria",
      "Apellido": "Nieves",
      "DNI": 35928532,
      "Telefono": 3764131517,
      "Localidad": "Posadas"
    },
    {
      "Nombre": "Roberto Carlos",
      "Apellido": "Guerra",
      "DNI": 40726384,
      "Telefono": 3758171819,
      "Localidad": "Apostoles"
    },
    {
      "Nombre": "Julieta",
      "Apellido": "Lopez",
      "DNI": 29384710,
      "Telefono": 3751222324,
      "Localidad": "Eldorado"
    },
    {
      "Nombre": "Ramon",
      "Apellido": "Rodriguez",
      "DNI": 31749223,
      "Telefono": 3765334455,
      "Localidad": "Posadas"
    }
  ]
}
